Workbook

Sheet Feuil1
A1: Ville | B1: Département | C1: 45658 | D1: 45659 | E1: 45660 | F1: 45661 | G1: 45662 | H1: 45663 | I1: 45664 | J1: 45665 | K1: 45666 | L1: 45667 | M1: 45668 | N1: 45669 | O1: 45670 | P1: 45671 | Q1: 45672 | R1: 45673 | S1: 45674 | T1: 45675 | U1: 45676 | V1: 45677 | W1: 45678 | X1: 45679 | Y1: 45680 | Z1: 45681 | AA1: 45682 | AB1: 45683 | AC1: 45684 | AD1: 45685 | AE1: 45686 | AF1: 45687 | AG1: 45688 | AH1: 45689 | AI1: 45690 | AJ1: 45691 | AK1: 45692 | AL1: 45693 | AM1: 45694 | AN1: 45695 | AO1: 45696 | AP1: 45697 | AQ1: 45698 | AR1: 45699 | AS1: 45700 | AT1: 45701 | AU1: 45702 | AV1: 45703 | AW1: 45704 | AX1: 45705 | AY1: 45706 | AZ1: 45707 | BA1: 45708 | BB1: 45709 | BC1: 45710 | BD1: 45711 | BE1: 45712 | BF1: 45713 | BG1: 45714 | BH1: 45715 | BI1: 45716 | BJ1: 45717 | BK1: 45718 | BL1: 45719 | BM1: 45720 | BN1: 45721 | BO1: 45722 | BP1: 45723 | BQ1: 45724 | BR1: 45725 | BS1: 45726 | BT1: 45727 | BU1: 45728 | BV1: 45729 | BW1: 45730 | BX1: 45731 | BY1: 45732 | BZ1: 45733 | CA1: 45734 | CB1: 45735 | CC1: 45736 | CD1: 45737 | CE1: 45738 | CF1: 45739 | CG1: 45740 | CH1: 45741 | CI1: 45742 | CJ1: 45743 | CK1: 45744 | CL1: 45745 | CM1: 45746 | CN1: Températures (°C) | CO1: Ville
A2: Montaigu | B2: Vendée (85) | CN2: =SUM(C2:CM2) -> 0 | CO2: =_xlfn.CONCAT(A2," - ",B2) -> Montaigu - Vendée (85)
A3: Parthenay | B3: Deux-Sèvres (79) | CN3: =SUM(C3:CM3) -> 0 | CO3: =_xlfn.CONCAT(A3," - ",B3) -> Parthenay - Deux-Sèvres (79)
A4: Château du loir | B4: Sarthe (72) | CN4: =SUM(C4:CM4) -> 0 | CO4: =_xlfn.CONCAT(A4," - ",B4) -> Château du loir - Sarthe (72)
A5: Angers | B5: Maine-et-Loire (49) | CN5: =SUM(C5:CM5) -> 0 | CO5: =_xlfn.CONCAT(A5," - ",B5) -> Angers - Maine-et-Loire (49)
A6: Tours | B6: Indre-et-Loire (37) | CN6: =SUM(C6:CM6) -> 0 | CO6: =_xlfn.CONCAT(A6," - ",B6) -> Tours - Indre-et-Loire (37)
A7: Janzé | B7: Ille-et-Vilaine (35) | CN7: =SUM(C7:CM7) -> 0 | CO7: =_xlfn.CONCAT(A7," - ",B7) -> Janzé - Ille-et-Vilaine (35)

Sheet Feuil2
A1: Étiquettes de lignes | B1: Somme de Températures (°C) | D1: =Feuil1!CO1 -> Ville | E1: 45658 | F1: 45659 | G1: 45660 | H1: 45661 | I1: 45662 | J1: 45663 | K1: 45664 | L1: 45665 | M1: 45666 | N1: 45667 | O1: 45668 | P1: 45669 | Q1: 45670 | R1: 45671 | S1: 45672 | T1: 45673 | U1: 45674 | V1: 45675 | W1: 45676 | X1: 45677 | Y1: 45678 | Z1: 45679 | AA1: 45680 | AB1: 45681 | AC1: 45682 | AD1: 45683 | AE1: 45684 | AF1: 45685 | AG1: 45686 | AH1: 45687 | AI1: 45688 | AJ1: 45689 | AK1: 45690 | AL1: 45691 | AM1: 45692 | AN1: 45693 | AO1: 45694 | AP1: 45695 | AQ1: 45696 | AR1: 45697 | AS1: 45698 | AT1: 45699 | AU1: 45700 | AV1: 45701 | AW1: 45702 | AX1: 45703 | AY1: 45704 | AZ1: 45705 | BA1: 45706 | BB1: 45707 | BC1: 45708 | BD1: 45709 | BE1: 45710 | BF1: 45711 | BG1: 45712 | BH1: 45713 | BI1: 45714 | BJ1: 45715 | BK1: 45716 | BL1: 45717 | BM1: 45718 | BN1: 45719 | BO1: 45720 | BP1: 45721 | BQ1: 45722 | BR1: 45723 | BS1: 45724 | BT1: 45725 | BU1: 45726 | BV1: 45727 | BW1: 45728 | BX1: 45729 | BY1: 45730 | BZ1: 45731 | CA1: 45732 | CB1: 45733 | CC1: 45734 | CD1: 45735 | CE1: 45736 | CF1: 45737 | CG1: 45738 | CH1: 45739 | CI1: 45740 | CJ1: 45741 | CK1: 45742 | CL1: 45743 | CM1: 45744 | CN1: 45745 | CO1: 45746
A2: Angers - Maine-et-Loire (49) | B2: 0 | D2: =Feuil1!CO2 -> Montaigu - Vendée (85) | E2: =Feuil1!C2 -> 0 | F2: =E2+Feuil1!D2 -> 0 | G2: =F2+Feuil1!E2 -> 0 | H2: =G2+Feuil1!F2 -> 0 | I2: =H2+Feuil1!G2 -> 0 | J2: =I2+Feuil1!H2 -> 0 | K2: =J2+Feuil1!I2 -> 0 | L2: =K2+Feuil1!J2 -> 0 | M2: =L2+Feuil1!K2 -> 0 | ... CO2: =CN2+Feuil1!CM2 -> 0
A3: Château du loir - Sarthe (72) | B3: 0 | D3: =Feuil1!CO3 -> Parthenay - Deux-Sèvres (79) | E3: =Feuil1!C3 -> 0 | F3: =E3+Feuil1!D3 -> 0 | G3: =F3+Feuil1!E3 -> 0 | H3: =G3+Feuil1!F3 -> 0 | I3: =H3+Feuil1!G3 -> 0 | J3: =I3+Feuil1!H3 -> 0 | K3: =J3+Feuil1!I3 -> 0 | L3: =K3+Feuil1!J3 -> 0 | M3: =L3+Feuil1!K3 -> 0 | ... CO3: =CN3+Feuil1!CM3 -> 0
A4: Janzé - Ille-et-Vilaine (35) | B4: 0 | D4: =Feuil1!CO4 -> Château du loir - Sarthe (72) | E4: =Feuil1!C4 -> 0 | F4: =E4+Feuil1!D4 -> 0 | G4: =F4+Feuil1!E4 -> 0 | H4: =G4+Feuil1!F4 -> 0 | I4: =H4+Feuil1!G4 -> 0 | J4: =I4+Feuil1!H4 -> 0 | K4: =J4+Feuil1!I4 -> 0 | L4: =K4+Feuil1!J4 -> 0 | M4: =L4+Feuil1!K4 -> 0 | ... CO4: =CN4+Feuil1!CM4 -> 0
A5: Montaigu - Vendée (85) | B5: 86 | D5: =Feuil1!CO5 -> Angers - Maine-et-Loire (49) | E5: =Feuil1!C5 -> 0 | F5: =E5+Feuil1!D5 -> 0 | G5: =F5+Feuil1!E5 -> 0 | H5: =G5+Feuil1!F5 -> 0 | I5: =H5+Feuil1!G5 -> 0 | J5: =I5+Feuil1!H5 -> 0 | K5: =J5+Feuil1!I5 -> 0 | L5: =K5+Feuil1!J5 -> 0 | M5: =L5+Feuil1!K5 -> 0 | ... CO5: =CN5+Feuil1!CM5 -> 0
A6: Parthenay - Deux-Sèvres (79) | B6: 0 | D6: =Feuil1!CO6 -> Tours - Indre-et-Loire (37) | E6: =Feuil1!C6 -> 0 | F6: =E6+Feuil1!D6 -> 0 | G6: =F6+Feuil1!E6 -> 0 | H6: =G6+Feuil1!F6 -> 0 | I6: =H6+Feuil1!G6 -> 0 | J6: =I6+Feuil1!H6 -> 0 | K6: =J6+Feuil1!I6 -> 0 | L6: =K6+Feuil1!J6 -> 0 | M6: =L6+Feuil1!K6 -> 0 | ... CO6: =CN6+Feuil1!CM6 -> 0
A7: Tours - Indre-et-Loire (37) | B7: 0 | D7: =Feuil1!CO7 -> Janzé - Ille-et-Vilaine (35) | E7: =Feuil1!C7 -> 0 | F7: =E7+Feuil1!D7 -> 0 | G7: =F7+Feuil1!E7 -> 0 | H7: =G7+Feuil1!F7 -> 0 | I7: =H7+Feuil1!G7 -> 0 | J7: =I7+Feuil1!H7 -> 0 | K7: =J7+Feuil1!I7 -> 0 | L7: =K7+Feuil1!J7 -> 0 | M7: =L7+Feuil1!K7 -> 0 | ... CO7: =CN7+Feuil1!CM7 -> 0
A8: Total général | B8: 86
